PI_NAME,cohort
Hala Barakat,2020
Dan Cronan,2020
Shiyi Chen,2020
Yimin Chen,2020
Dawn Sweet,2020
Jocelyn Aycrigg,2020
Lili Cai,2020
Mary Engels,2020
Chloe Wardropper,2020
Vibhav Durgesh,2020
Hangtian Lei,2020
Andrew Tranmer,2020
Jagdish Patel,2020
Albert Adjesiwor,2021
Katrina Eichner,2021
Mark Kimsey,2021
Carolina Manrique Hoyos,2021
Michael Maughan,2021
Michael Overton,2021
Jia Song,2021
Jared Spackman,2021
Sebastian Stoian,2021
James VanLeuven,2021
Sarah Wu,2021
Alyson Roy,2022
Josh Bailey,2022
Tracey Johnson,2022
Stephen Miller,2022
Kenneth Wallen,2022
Patrick Hatzenbuehler,2022
Matt Swenson,2022
Dianne Baumann,2022
Krista Soria,2022
Jue Wang,2022
Dylan Hedden-Nicely,2022
Ginny Lane,2022
Aleksandar Vakanski,2022
Ming Hsun Cheng,2023
Chris Zajchowski,2023
Ryan Gillespie,2023
Hayley McKown,2023
Klas Udekwu,2023
Meng Zhao,2023
Markie McBrayer,2023
Johnny Li,2023
Da Chen,2023
Jacob Bledsoe,2023
Chelsea Pennick,2024
Yin Hong Cheah,2024
Sarah Castle,2024
Erik Luvaas,2024
Bethaney Fehrenkamp,2024
Nick Martonick,2024
Fan Yi,2024
Tiantian Yang,2024
Tianfang Han,2024
Alexandria Ruble,2024
Annie Roe,2024
Kamal Khadka,2024
Izabelle Teixeira,2024
Andrew Weymouth,2024
Yumna Kurdi,2024
